,Sentences
0,general disclaimer  wikipediarisk disclaimeruse wikipedia at your own risk  wikipediamedical disclaimerwikipedia does not give medical advice  wikipedialegal disclaimerwikipedia does not give legal opinions  wikipediacontent   disclaimerwikipedia contains spoilers and content you may find objectionable
1,uphiko lwezilimi kuzweionke nls lugqugquzela futhi lwenza lula ukuxoxisana ngezilimi ezahlukene ekuzameni ukuhambisana nokushiwo umthethosisekelo inls ilawula ukwehlukahluka kwezilimi emphakathini wethu futhi kuwumthwalo wayo ukwakha ubudlelwano kuzo zonke izilimi zabantu bakuleli ngokusebenzisa lokho okushiwo yinqubomgomo ngenhloso yokuthi kugqugquzelwe ukusentshenziswa kwalezi zilimi kanye nazo zonke izilimi ebezinganakiwe emlandweni wakuleli kwalezi silimi ngenhloso ezahlukene ilawula kwezilimi nemikhankaso izidingongqangi amazulu ongumongo wakuleli
2,ikwazulunatali langenkwazulunatal langxhkwazulunatal langafkwazoeloenatal yisifundazwe saseiriphabliki yaseningizimu afrikaningizimu afrika lesifundazwe sinamaphethelo nezifundazwe ezintathu zaseningizimu afrika futhi sinamaphethelo namazwe amathathu okuyi imozambikimozambiki iswazilandiseswazini kanye ne osotholesotho
3,ipagename lisonto laqala ebeijing eshayina ngo namhlanje linamalunga ama ezizwe zingamashumi amane namhlanu isonto lingxenye kapentecostalprotestant kaubukhrestubukrestu ukuthi laqala iminyaka imikhulu kade isonto alivumi ngemkhankanyo watrinity futhi lilandela umkhankanyo waseujesujesu laqala einingizimu afrikaningizimu afrika ngo  isonto aligubhi ukhisimusi neiphasikaphasika ngoba lawo maholide anemdabu lamhedeni 
4,egoli noma igoli isisuthusuthu isitswanatswana isingisi gauteng isitsongatsonga exilungwini langxhirhawuti yisifundazwe saseningizimu afrika ngobukhulu bendawo lesifundazwe sincane kunazo zonke izifundazwe zaseningizimu afrika kodwa ngenani labantu lesifundazwe sinkulu kunazo zonke izifundazwe zaseningizimu afrika
5,uphuthu lungukudla okuvame ukudliwa eningizimu afrika uphuthu lwenziwa ngempuphu esuselwa kumbila owomisiwe bese wagayiwa luphekwa ngamanzi abilisiwe ludliwa kakhuluubhontshisi nobhontshisi amasiamasi kanti futhi luyadleka nanoma yisiphi isishebo
6,umakhalekhukhwini ucingo oluncane olungenazo izintambo njengalolu lwasendlini ithelefoni njengoba wona umakhalekhukhwini umncane wenza kube lula ukuhamba nawo yonake zonke izindawo ozihambayo ngomakhalekhukwhini futhi abantu bayakwazi ukuxhumana nabanye abantu noma ngabe bakuliphi izwe kulawa angaphansi komthunzi welanga njengoba ubuchwephese bulokhu bushintshashintsha njalo nje niokunjalo nomakhalekhukwini bayashintsha indlelaabasebenza ngayo umakhalekhwini wesimanje akusesiwo owokuthumela imilayezo kanye nokufona usukuvumela ukuba wenze izinti ezingin ngawo okubalwa kuwo ukuxhuma kwiintanethi ukuthatha izithombe ukulalela umsakazoumsakazo umbikomabaniumbikombani ukusebenzisa inkombandlelainkombandlela ngingabala ngithini 
7,impumalanga langssimpumalanga isindebele saseningizimuisindebele impumalanga isitsongaisitsonga humadyambu isibhunu isingisi isisuthu mpumalanga yisifundazwe saseiningizimu afrikaningizimu afrika sinamaphethelo namazwe amabili imozambikiimozambique kanye naseeswatiniswazini
8,insimbiumthofu uwucingo oluthambilelolu cingo lusetshenziswa ezindaweni eziningi ikakhulukazi emakhaya lapho kwenziwa khona izinto ezahlukahlukene ezakhiwe ngocingo njengezimoto zocingo kanye namabhodo uma sekwenziwa izibambo zawo 
9,pagename ngumoya obuya kujehova kwathi ngenkathi ujesu krestu eya ezulwini washiya umoya oyongcwele ukuba uthathe isikhundla sakhe uma eseya ezulwini lomoya uthatha isikhundla sika krestu ukuze abakholelwa kuye ujesu krestu bangasali bebuthakathaka noma badinga
10,insindiso inkolo yomuntu ukuba ujesu krestu wafa waphinde wavuka kwabafileyo umuntu osindisiwe usukhe avume ngomlomo wakhe kanti futhi akholwe enhlizweni ukhuthi ujesu wafa wavuka kwabafileyo insindiso ngezinye izinhlela ingaba ukuzalwa kabusha ngomoya oyongcwele obuya ezulwini kujehova
11,this is a list of basic subjects for which wikipedia should have a corresponding highquality article and ideally a featured article it also serves as a specialrecentchangeslinkedwikipediavital articlescentralized watchlist and tracks the status of some of wikipedias most essential articles 
12,robyn rihanna fenty wazalwa  ngonhlolanja  waziwa kangcono ngo rihanna uvela ebarbados ungumculi futhi ungumbali wezingoma ze rnb ozalelwe esaint michael barbados waya eunited states ngenkathi eneminyaka elishumi nesithupha ukuyofeza iphupho lakhe lokuba ngumculi ngaphantsi kwenakekelo lomrekhodi uevan rogers ngemuva wasayina ikontraki ne def jam recordings ngemuva kokukethwa ngujayz ujayz wayeyinhloko yalelabeli
13,isoshanguve ilokishi elisenyakatho nedolobha leipitolipitoli igama elithi soshanguve lisuselwe kwisotho shangane nguni venda uma ungumuntu ongazi lendawo uzoyithola eningizimu afrikaisifundazwe ongathola lelokishi igauteng
14,pagename izinxoxo ezixoxelwa izingane zixoxwa umama wezingane noma ugogo  yingxoxo exoxwa ngolimi olwejwayelekile ephathelene nezehalakalo zabalingiswa nezehlakalo zabalingiswa okungaba abantuabantu noma izilwaneizilwane leli yiqoqo lezindaba ezidluliselwa ezizukulwaneni ngokomlomo 
15,ubuciko bomlomo yinkulumo enobuchwepheshe noma eyingxoxo eyedluliselwa ezizukulwaneni ngezizukulwane ngomlomo isibonelo izithakazeloizibongo izinganekwane njjl lokhu kubalulekile ngoba abantu badinga ukwazi ngemvelaphi yaboungasho ukuthi ubuciko bomlomo uhlobo lwenkulumo olusetshenziswa abantu abadala ukuze batshele izingane ngomlando futhi ungasho ukuthi izingane ziyayisebenzisa lenkulumo ngoba awuvamile ukuthola abantu abadala bephicana izibongo zisebenzisa abantu abadala ukuze babingelele noma bahloniphe loyo obongwayo ngalokho singasho ukuthi ubuciko bomlomo benzelwe abantu bonke
16,ifacebook isizinda sokuxhumana ngokuthi abantu bathumelelane imilayezo eyahlukakhlukene ifacebook yaqanjwa emelika ngonyaka ka  umfundi wase nyuvesi ukuze yena nabangani bakhe bathumelelane imilayezo ngokushesha ifacebook ngendlela esikhule ngayo seyinabasebenzisi abangaphezu kwezigidi emhlabeni wonkenalapha eningizimu afrikaifacebook abasebenzisi bayo ifacebook baya ngokundlondlobala
17,kwa thema yilokishi elisesifundazweni sase gautenggoli leli lokishi lise gautengmpumalanga randi ye gauteng le lokishi laqanjwa emva komnumzane u selope thema naye owayelwela inkululeko idolobha lakwa thema isprings lapho iningi labahlali lithenga khona izinto abazifunayo noma abazidingayo kule lokishi kuhlala abantu abanningi abahlukahlukene abadumile lapha singabala abaculi abadlali bezemidlalo nebeshashalazi abahlukahlukene ikwa thema isondelene namadolobha anjengo gautengsprings brakpan benoniboksburg kanye ne nigelikwa thema iphinde futhi yakhelane namanye amalokishi afana ne tsakane kanye ne duduzaekwa thema kukhona izindawo ezahlukene zokuzijabulisa njenge bahamas edume kakhulu lapha ethema kukhona imitholampilo emibilikodwa asikho isibhedlela
18,pagename indlela yokudlulisa umyalezo phakathi kwabantu abakhuluma izilimi ezingafani iskhathi esiningi abantu bavamise ukuphambanisa ukutolika nokuhumusha lezi izinto ezimbili ezihlukene kodwa zombili zincike olimini kanye nase kushintsheni umyalezo usuka kolinye ulimi uya kolunye ukutolika kuyizinhlobo ezimbili kukhona indlela yokutolika lapho khona utolika elinda isikhulumi sikhulume ebese siyathula athathe lapho utolika bese kuba enye indlela lapho utolika ekhuluma cishe ngesikhathi esifanayo nesikhulumi
19,iphasika usuku olugukwa minyaka yonke ngokuthi kukhunjulwe usuku okwabethelwa ngalo iphasikaujesu krestu esiphambanweniegolgothalolu suku lugujwa emhlabeni wonke jikelele kukhunjulwe ubuhlungu ujesu krestu owadlula kukho lokhu kwenziwa abazalwane noma amakrestu lapha iningizimu afrikaeningizimu afrika imvamisa ukuthi kube khona izinkonzo zephasika ezindawenii ezahlukahlukene
20,izinto zokuthuthaimoto iyinto eyenziwe ukuze kubelula ukufinyelela indawoezindaweni ezahlukakhukene ngokushesha ziningi izinhlobo izinto zokuthuthazezimoto ezakhiwe izimoto zehlukaniswe kanengi kukhona ezincane kanti kubuye kube khona ezinkulukuphinde futhi kwakhiwe izinto zokuthuthaamaveni izinto zokuthuthaamabhasi amaloli izitimela nezindiza
21,amazwe iangola  ibutswana  izimbabwe  inamibhiya  imozambiki  ikongo  iswaziland  ighanna  izambia  irashiya  ijalimani  ingilandi  isikotilandi  ifulansi  ispaniya  imelika  ikhanada  imekisiko  ishayina  itheki  iostreliya  inyuzilandi
22,isichazamazwi yincwadi ebalulekile ngempela emphakathini ngoba iyona esiza intsha ukuthi ingalahlekelwa ulimi lwayo isichazamazwi yincwadi enamagama wolimi oluthile laphoke kuchazwa ukuthi amagama asho ukuthini uma ungayazi incazelo yamagama ungabuka kulencwajana ukuze wazi kangcono nokho ukuhumushaabahumushi yibona abasebenzisa lencwadi kakhulu
23,inxoxo eyisisusa futhi eyisizinda salencwadi unkulunkulu udala umhlaba futhi udala umuntu ngomfanekiso wakhe kodwa umuntu wangalaleli unkulunkulu wenza isono emehlweni wakhe bese unkulunkulu washabalalisa umhlaba ngemvula enkulu ebizwa ngokuthu uzamcolo umhlaba omusha obe khona ngaphambi kwemvula enkulu wawonakele konke unkulunkulu akazanga awushabalalisa kodwa esikhundleni salokho wabiza indoda eyedwa enguabraham ngomyalo kankulunkulu uabraham waya endaweni yasecanaan lapho eye ahlala khona nendodana yakhe uisaac nomzukulu wakhe ujacob igama likajacob lashintsha waba nguisrael
24,ibhola lezinyawo nabiza ngokuthi ibhola ngumdlalo lo ngumdlalo onesasasa kakhulu emhlabeniyingakho nje aabanye bawubiza ngomdlalo wezigidigidi zabantu game of billions ngokuya ngomlando webhola lezinyawo lomdlalo waqala engilandi kwelamangisi eminyakeni eminingi eyedlula kulo mdlalo iqembu ngalinye linabadlali abayishumi nanye kukhona unozinti onguyena obheke ukuthi akukho bhola elingena ngaphakathi kwezinti abanye ababadlali badlala emuva abanye phakathi esiswini kanti abanye badlale phambili babe amafolosi abadlala emuva banceda unozinti ukuthi abadlala nabo bangafaki igoli ngaphakathi laba abavimbayo bazakusebenzisa izinyawo nekhanda ukuvimba ibhola ukuthi lingangeni ezintini uma kuke kwangena igoli ezintini izibukeli ziye zijabule zenqe ukkhombisa yona injabulo ngoba behlule omabili amaqembu aba nabadlali abalinganayo ngenani kanti kuba khona unompempe ohambisana nabasizi bakhe abathathu omunye umsizi uma kwenye ingxenye kuthi omunye ame ngakwenye ingxenye abancedisi basebenza njengamehlo kanompempe ukubheka abadlali abadlalisa kabi abanye abadlali abangalandeli imithetho yebhola njengalabo ababamba abanye abadlali nnoma abakhahlela abanye abadlali lapha ngunozinti kuphela ovumeleke ukubamba ibhola ngesandla kanti naloyo ozophonsa ibhola uma liphumele ngaphandle unompempe uhlala aphethe indweba ykhe ayishaya ukukhuluma nabanye abadlali noma ukuyala ukuthi kwenzeke ini kanti nasemdlalweni webhola abadlali abadlala kabi bayajeziswa kuya ngokuthi umdlali obeqonde ukudlala kabi kangakanani uma ekhahlela omunye ngenhloso yokumlimaza unikezwa ikhadi eliphuzi kanjalo uyakhalinywa bese kuthi uma esephinde wadlala kabi futhi wathola elinye futhi eliphuzi uye anikezwe elibomvu elishoyo ukuthi aphume emdlalweni angasadlali ngoba uyingozi kwabanye abadlali amaqembu agqoka izimpahla ezingafani ukwenzela ukuthi abadlali babonakale bengafani lo mdlalo ube nezikhuzeli abahlala ngaphandle kwebala bakhuze bakhalime bakhuthaze abadlali babo kanti wonke lamaqembu anabaqeqeshi abo abasetha abadlali babo ukuthi badlale kanjani abaqeqeshi yibo abalolonga abadlali ukuze balungele umdlalo kuyothi iqembu elikwazile ukufaka amagoli amaningi kube yilo elinqobayo iningi afrika ingelinye izwe elithanda umdlalo webhola lezinyawo baningi abadlali beningizimu afrika abababa nesasasa abake badlala ngaphesheya ngikhuluma ngesilomo esedlula emhlabeni usteve kalamazooo mokone ujomo sono uace ntsoelengoephil masinga lucas radebe benny mccarthy quinton fortune hellman mkhalele david nyathi doctor khumalo siyabonga nomvethe john shoes moshoeu shaun bartlett mark fish nabanye abasadlala namaje otokelo rantie steven pienaar kagiso dikgacoi nabanye engeke ngaqeda ukubabala
25,iyuganda yizwe elise afrika empumalanga lizungezwe amazwe amahlanau okubulwa kuwo izwe lasekhenya ngasempumalanga kuthi enyakatho kube yizwe laseningizimu sudani enthshonalanga kube yiriphabliki yase khongo eningizimuntshonalanga kube yizwe laseruwanda kanye nelasethanzaniya eningizimu 
26,ulimi oluhlelembeke standardisedkahle lunohlelo oluthile lokuhambisanayo ekusetshenzisweni kwalo ulimi luyahambisana nokuhlelemba uma lunezincwadi zohlelo grammar books lunemithetho yokubhalwa lunezichazamazwi kanye namatemu amasha anembayo nokho phela ulimi luyaguquka luthuthuke kudingeke ukuba luhambisane ngandlela thize nesimanje yikhoke ukuluhlelemba kuyinto elokhu iqhubeka njalo
27,jazz iphayona afrika iqembu afrika south lapho likhuthaza umculo amahlanu fusing jazz big band umsindo nomasipala marabi the band wahlupheka eqinisweni lena isizukulwane sesithathu amaphayona futhi manje ubuso omncane umsindo omncane bandleader futhi saxophonist bra ntemi piliso owabhala iningi izingoma pioneers wavula emkhakheni ukwakheka for abaculi abasha in the band
28,kubonakale kubalulekile ukuba kubhekiswe ezinyangeni zesizulu ngoba zineqhaza elikhulu ezilibambile ezimpilweni zabantu kusemqoka futhi ukuthi umphakathi waziswe ukuthi izinyanga zesizulu izwe lisabusa zazisemqoka emisebenzini eyehlukene emamdulo kwakubhekwa ilanga inyanga izinkanyezi umoya kanye nokutshaliwe ukuqamba ngezigameko ezenzekayo ezigqamisa inyanga nenyang umuntu ungumzulu ubebona ngokushintsha kwesimo sezwe ukuthi sekuyisikhathi sokwenza okuthile singalinganisa njengenyanga kancwaba lapho isimo sezwe sisuke sesibuyela kwesejwayelekile emva kwesomiso 
29,nkosi sikelel iafrika ihubo elaqanjwa nguenoch sontonga ngonyaka wezi owabe engumfundisi esikoleni sesesonto lamaamaweseliweseli egoli leli culo lagcina selisetshenziswa njengelomzabalazo laphinde laseteshenziswa njengeculo lesizwe emazweni amahlanu eafrika okubalwa kuwo izambia itanzania inamibhiya kanye nezimbabwe emva kokuthola inkululeko okwamkaje leli culo listshenziswa njengeculo lesizwe etanzania kanye nase zambia kususkela ngonyaka wezi eningizimu afrika ingxenye yalo leli culo ifakwe kwiiculo lesizwe eningizimu afrikaculo lesizwe laseningizimu afrika 
30,izingane zoma iqembu lomculo kamaskandimaskandi lasnquthu kwazulunatali eningizimu afrika leli qembu linamalungu amathathu okubalwa kuwo uthandoluni phungul ongumculo ophambili kube khona nobongekile ngobese kanye tholakele ngobese abangabaculi amaculo aleli qembu ziqanjwa izelamani zakwakhuzwayo okungu shobeni kanye no busani ushobeni ubuye abe ngumdidyelei wezingoma zaleli qembu kuthi ubusani ushaya isingci
31,chicago iyidolobha eillinois ichicago idolobha lesithathu elinabantu abaningi kakhulu eunited states kanti lesibili sivakashelwe ngabokufika emagqumeni aselake michigan ichicago yaqala ukukhula ngekhulu le umlilo omkhulu wasechicago wase washiya abaningi abangenamakhaya kodwa abantu basechicago bavuselela kabusha bathuthukisa izitayela zokwakha ezintsha ezifana neskyscraper ensimbi enezinsimbi kwabaningi ichicago yikhungo sezokuxhumana ezezimali imboni nezinye izinto eziningi ezifanayo isikhumulo sezindiza sawo wonke umhlaba singenye yezwe elibi kakhulu futhi linomnotho ohlukene kakhulu futhi olinganiselayo ezinye izimpawu zomgwaqo zihlanganisa isears tower nemillennium park kubuye nasekhaya leuniversity of chicago idolobha likhule kahle lihlaziye ubuciko itheatre nomculo ikakhulukazi ijazz nomculo weelektroniki ichicago inamaqembu amaningi wezemidlalo wezemidlalo kuhlanganise namathimba amabili ebhola
32,the velvet underground bayibhendi kwimelika iqembu laqala enew york idolobha ngo kwakukhona abaculi abane kuleli qembu lou reed umculi isiginci john cale udlala izinsimbi eziningi zomculo sterling morrison isiginci and angus maclise amadubhu washintshwa ngumoe tucker ngo
33,unongoloza umuntu owaduma ngokusungula iqembu lemigulukudu elalibizwa ngamaniniva uphinde aziwe njengomuntu owaqala imithetho eyakhiwa yizigebengu emajele ebizwa ngenombolo umlando kanongoloza utholakala kakhulu uma uxoxa namabhantinti aboshwa iminyaka 
34,imvulamlomo inkomo ekhokhwa phambili uma amalobolokulotsholwa ekhokhelwa ukuba abasekhweniuyise wentombazane elotsholwayo avule umlomo ukuze kuqale izingxoxo le nkomo kuvame ukuthi kube yimali ethile okungaba ngopondo abahlanu kuya phezulu kodwa akuvamile ukweqa ekhulwini lamarandi kusadliwa ngoludala bekuba yinkomo uqobo lwayo eqhutshwa ngabafana
35,izikhothane skothane noma ukukhothana  yigama lesiszulu elamaqembu abantu abavame ukutholaka emalokishini ase ningizimu africa abathanda ukuzibonakalisa ngokomnotho wabo phambi kwabantu embuthanweni efana neye mingcwabo imishado noma emicimbini ethize ehlelwe yizona izikhothane la okwenziwa imincintiswano yokubonakalisa iminotho yazo lezo izikhothane  iminotho lena kusuke ku ngama cellphone imali izimpahla noma ugologo  isikhothane esingene kulo mncintiswano singathatha izicathulo zaso ezibizayo siziphonsele emlilweni  leso sikhothane  siyobe sikhombisa ukuthi asinandaba nazo lezo zicathulo ngoba phela sona sinemali singathenga ezinye ezifanayo noma ezibiza okudlula lezi esezishisiwe isikhothane singathatha iwashi laso elibizayo kakhulu siliphihlizele phansi izikhothane eziphumelela kulomncintiswano  yilezo ezine zinto eziningi ezibizayo zokumosha
36,radio studio  network noma studio  network kuba into italian radio station yangasese ezinze locri icalabriaecalabria emkhathini afinyelele studio  network on fm ezifundazweni eziyisishiyagalolunye ezindaweni ezinhlanu eningizimu yeitaly messina reggio ecalabria vibo valentia catanzaro cosenza crotone lecce potenza no salerno i izinhlelo libhekene igciwane zomculo hits kanye nokwaziswa realtime ne  updates nsuku zonke
37,i internet adult film database iafd kuyinto uhlu inthanethi kwemininingwane ephathelene emelika imboni izithombe ezingcolile abadlali abadlali abaqondisi kanye namafilimu ezingcolile kuyinto efanayo kudatabase movie inthanethi ngoba livulekele emphakathini futhi zisesheke amafilimu enziwa embonini ezingcolile nonamerican kutholakala kuyi database uma ukukhululwa us iyatholakala kanti ifilimu elithintekayo uvezwa njengoba lokuphatha ulwazi mayelana ukukhululwa us hhayi kulowo original
38,i adult film database iyiwebsite okuzama ukugcina amarekhodi azo zonke movie ezingcolile kanye omdala amafilimu izinkanyezi lokhu kuhlanganisa filmographies umlandvomphilo ngokwengxenye ukubuyekezwa abhalwe futhi page omdala ifilimu stills kanye olusha njalo imboni omdala blog okuyinto izici izindaba zakamuva mayelana lomculo esekhulile amabhayisikobho abaqondisi studios web site updates and izindaba omdala ahlukahlukene emhlabeni jikelele
39,usuku lokubuyisana phecelezi  iday of reconciliation yiholide lomphakathi olugujwa mhla zingama uzibandlela eningizimu afrika minyaka yonke lolu suku lwaba semthethweni ngonyaka we inhloso yalo kungukubuyisana nobumbano eningizimu afrika ngesikhathi sobandlululo lolu suku labe lubizwa ngeusuku lokubuyisanadingaan day kwazulunatalenatali kuzwelonke amabhunu abe elubiza ngeday of the vow lolu suku kwabe kuyiholide lapho amabhunu abe ebungaza khona ukuhlula amazulu impi yasencomeempini yasencome isingisi battle of blood river nge ngakwicala lezombusazwe ngalolu suku kubungazwa ukubunjwa koumkhonto we sizwe owasungulwa nge yiqembu leafrican national congress anc
40,ifonetiki yigama elisuselwa olimini lwesigriki  elisho umsindo izwi ifonetiki yigatsha lwesifundo ngezilimi elibhekene nemisindo yenkulumo noma  izici zezimpawu ezisetshenziswa olimini lwabantu abayizithulu ifonetiki ibhekene nokuphinyiswa kwemisindo yenkulumo noma izimpawu ibheka ukuthi imisindo iphinyiswa kanjani isuke kanjani emlonyeni wokhulumayo iye endlebeni yolalele izwakale kanjani kolalele ifonetiki ibheka nokusebenza kwemizwa lapho kusebenza izitho zokuphimisa ifonoloji ngakolunye uhlangothi ibheka okwenzeka emisindweni noma ezimpawini zemisindo lapho isetshenziswa olimini 
41,abantu bakwambatha bazalwa ngumageba kagumede ngenkathi kukhothama uphunga kagumede owayeyiwele likamageba  umageba washiya umuzi wakhe enhlazatshe ukuze avuse umuzi kayise kwazulu ngoba uphunga waye ngenayo indodana nxa ekhothama isihlalo sobikhosi bakwa zulu sase sithathwa ngumageba mhla eshiya umuzi wakhe osenhlazatshe umageba washiya indodana yakhe umpangazitha ukuba isale ivusa lomuzi kwadlula iminyakananje wabizwa umpangazitha ukuba agoduke ayovusa umuzi kantombela owaye ngukhokho wakhe wahamba umpangazitha washiya lomuzi osenhlazatshe nendodana yakhe usontshikazi uzokhumbula ukuthi lomuzi okamageba wadluliselwa kumpangazitha naye wawushiya kusontshikaziusontshikazi wayenomkhuba wokumbatha isikhumba senyathi emahlombe akhe kanti abalandeli bakhe bona babembatha esenkomo isikhumba esishukiwe abantu ababekade bakhelene nabo bawubona lomkhuba base beqala bethi kwasontshikazi emambatheni wonke umuntu owayehlana kulomuzi wayesezibiza ngokuthi ungowasemambatheni ngoba nendodana kasontshikazi undaba wayebizwa ngowakwambatha namadodana akhe umbeje kandaba dladla kandaba noshandu kandaba babe bizwa ngombatha
42,uzwide kalanga waye yindodana kalanga inkosi yamandwandwe wayeyisitha esikhulu sika shaka amabutho kazwide amaphela namankayiya aye satshwa kakhulu kanti futhi nonina kazwide untombazi wayesatshwa ngoba ilawu lakhe lalihlotshiswe ngamakhanda amadoda anqotshwe uzwide
43,asian month  is about writing asia if you are writing five or more pages about asia special design letterfrom other country will send to you why dont you join us if you are interested please sign participantsthis page if you want to be local organizer please sign below
44,ujustin timberlake randall wase memphis tennessee january   umculi umbhali umlingisi urecord producer wokudansa usomabhizinisi wase melika odumile ngokuziqhaza kumabonakude elingisa kwi mickey mouse club bese omunye owayesekela iqembu lomculo insync
45,elisha cuthbert  november  ungumlingisi aphinde abe nguzime  wasekhanada usedlale kwafilimu amaningi kanye nemidlalo eminingi kumabonakude wazakhela idumela emdlalweni kamabonakude osihloko  okulapho ayaziwa njengo kim bauer 
46,etihad airways ungomunye izindiza ezimbili eziyinhlokounited arab emirates it wadalwa ngu isimemezelo sasebukhosini esithinta ngojuly  waqala ezindizayo abagibeli ngonovemba  abu dhabi inhlokodolobha yaseunited arab emirates kuyinto hub le nkampani noma phansi imisebenzi etihad airways indiza ezindaweni  emazweni 
47,ukusindiswa kwaba ukukhululwa lwesikhombisa abafrika baseningizimu iqembu ladysmith black mambazo ialbhamu kwaba iqoqo zulu christian emaculweni kanti amaalbhamu mambazo odlule wayekade ngokuphelele elabhalwa umholi waleli qembu ujoseph shabalala ialbhamu okubikwa ukuthi wathola gold disc izitifiketi kungakapheli amasonto amathathu kokukhululwa yayo
48,pizza hut ngolimi lwesingisi  isizulu pizza hut american ukudla okusheshayo yokudlela futhi inamagatsha emazweni amaningi is almo ochwepheshe yokudlela umsoco pizza zonke izinhlobo kodwa okhrykma inikeza ukuxhumana yangaphandle inkonzo izicelo ngaphezu ukuthi kungenzeka ukudla esitolo sokudlela
49,usuku lwamasiko   yiholide lomphakathi lase ningizimu afrika eligujwa minyaka yonke ngomhlaka  umandulo minyaka yonke ngalolu suku bonke abntu base ningizimu afrika bagubha amasiko abo wonkana lolu suku lubalulekile ngoba yilapho bonke abantu baseningizimu afrika betshengisa ukuzigqaja kanye nokuziqhenya ngamasiko abo anhlobonhlobo
50,ukungcweka umdlalo omdala wakwazulu wokuvivinyana amandla nobuchewpwshe bokudlala induku abafana bayaqhathwa kodwa abazisebenzisi izinduku lapha kusuke basuke befundiswa ukuvika kanye nokigadla  kulomdlalo kusetshensiswa izinduku uma abafana sebekhulile beyizinsizwa khona induku yokuvika kanye ngeyokugadla insizwa 
51,iintanethi uhlelo oluqukethwe ikhompyuthaamkhompyutha ayizigidi ahlangene ndawonye kuhleloxhumano olunzulu kuwo wonke amagumbi omhlaba olusebenzisa iinternet protocol suite tcpip uma uxhumeke kuyo inintanethi nomshini osuke uwusebenzisa okungaba yikhompyutha noma umakhalekhukhwini nawo ingena kulo lolu xhaxha lohleloxhumano lolu hleloxhumano lohleloxhumano luqukethe olungasese olomphakathi olwamabhizinisi kanye nolwahulumeni uhleloxhumano olusezweni noma emhlabeni oluhuxhumene nngobuchwepheshe obunogesi ubengenazo izintambo kanye nobamafibre optics iinthanethi iqukethe ulwazi olnuningi okubalwa amakhasi amakhuluahlangene kanye namahlelokusebenza esisizindalwazi sokuxhumana somhlaba jikelele www umbikombani ucingo lokuxhumana kanaye nokwabelana ngamafayela
52,usuku lwabasebenzi isingisiworkers day yiholide lomphakathi lesizwe laseningizimu afrika kusukela ngonyaka we ligujwa mhla zi unhlaba minyaka yonke leli holide ligujwa emazweni angama lapho libizwa khona ngeinternational workers day kwezinye izindawo laziwa ngemay day ngalolu suku kususuke kugujwa iqhaza elibanjwa ngabasebenzi ezweni lilonkana lugqugquzelwa izinhlangano zabasebenzi ngalolu suku kusuke kukhunjulwa abasebenzi abalahlekelwa izimpilo zabo esehlakalweni esaziwa ngehaymarket affair ngonyaka we lapho babebhikishela ukuthi kwehliswe amahora okusebenza abe yi eningizimu afrika kusuke kukhunjulwa uqhaza elibanjwa abasebenzi ezweni laseningizimu afrika okuyibo abadlala indima enkulu ekuqhubeni umnotho walelizwe  
53,iziphicaphicwano umdlalo owawudlalwa omkhulu nokhokho bethu besakhula ngpba ngalezo zikhathi yayingekho lemidlalo yesimanje lemidlalo ibisebenza njengendlela yokufundisa abantwana nokubenza bacabange ngokushesha kwezinye zezindawo zasemakhaya basayisebenzisa ngoba bengenayo lemidlalo yesimanje kesinye isikhathi iziphicaphicwano zingaebenza njengendlela yokuzijabulisa nokulolonga umqondo 
54,inkatha freedom partyifp yiqembu lezombusazwe laseningizimu afrika elabunjwa ngonyaka wezi ukulwa no uhlelo lobandlululohlelo lobandlululo kusukela ngesikhathi libunjwa kuze kube yinamuhla leli qembu libuswa ngumangosuthu buthelezimntwana umangosuthu buthelezi
55,loluuhlu lwamaqembu ezombusazwe eningizimu afrika iningizimu afrika intando yeningiingumbuso wentando yeningi okusho ukuthi zonke izakhamizi ezivunyelwe ukuvota zinamndla okukhetha iqembu lezombusazwe elingahola isizwe iqembu lezombusazwe elibusayo iafrican national congress
56,utsotsi ungumfilimu we oqondiswa ugavin hood kanti umkhiqizi ngupeter fudakowski indaba ivela encwadini inoveli utsotsi ebhaliwe ngumlobi waseningizimu afrika uathol fugard isoundtrack iveza umculo wekwaito owenziwa ngumculi owaziwayo waseningizimu afrika uzola kanye nomculo owenziwe umark kilian nopaul hepker beqokomisa ukucula umculi  umbongi waseningizimu afrika uvusi mahlasela
57,amalungelo esintu aseningizimu afrika awumhlahlandlela wokuvikeleka kubuntu bomuntu amalungelo ayasipho sokuqala indalo esipha umuntu ekuzalweni kwakhe eningizimu afrika uhlu lwamalungelo abantu luyisizinda soumthethosisekelo waseninguizimu afrikamthethosisekelo umthethosisekelo iwona mthetho omkhulu ezweni ngisho uhulumeni akanawo amandla ngatphezu kwawo yingakho uhulumeni engenalo igunya lokushicilela imithetho engqubuzana namalungelo abantu 
58,inyuvesi yakwazulunatali isingisiuniversity of kwazulunatal ngamafuphi ukzn imfundo ephakeme eningizimu afrikaisikhungo semfundo ephakeme esesifundeni sakwazulunatalkwazulunatali lesi sikhungo sasungulwa ngonyaka wezi khona kwazulu lapho sasaziwa khona ngeinyuvesi yakwazulu nataliuniversity of natal
59,eshowe yidolobha elidala elaqala ukuhlala abelungu baseyuropha kwazulucndatenovember  igama elithi eshowe kuthiwa latholaleli gama ngenxa yomsindo wesivunguvungu somoya oshaya khona olinganiselwa kwisivinini esingunbspkmehlathini lemveloelaziwa ngokuthi yihlathi ledlinza forest leli hlathi yiyonanto egqame kakhulu ngaleli dolobha ngisho noma igama le dolobha lisuselwa olwimini lwesiisizuluzulu kodwa yigama lamahlamvanaexysmalobium ishowenoma ishongwe
60,encwadini yami theophilus ngikubhalile ngakho konke akwenzayo nangemfundiso kajesu kuze kube yilapho ephakanyiselwa ezulwini emva kokuyala abafundi ngomoya ongcwele emva kokudideka kwakhe wabonakala kubo abazinikeza ubufakazi bokungaqiniseki ukuthi uyaphila ngempela wabonakala kubo izinsuku ezingamashumi amane ekhuluma ngombuso kajehova ngesinye isenzakalo lapho edla nabo wabanika lo myalo qhubeka ulindele isipho ubaba esithembisile engikhulume ngaso
61,usolwazi cyril lincoln sibusiso nyembezi  zibandlela    nhlangulana  wabe engumbhali wazincwadi zesizuliu engusonkondlo enguthisha aphinde abe ngumhleli waseningizimu  afrika unyembezi waziwa kakhulu ngencwadi ayibhala ayabe yazinwa ngokuthi inkinsela yasemgungundlovu eyaba yisasa elikhulu yaze yaphendulwa umsakazoumdlalo womoya kanye umabonakudenowamabonakude  
62,inkalane ilatin aloe arborescens noma umhlabane uhlobo lwesihlahla olubizwa ngokuthi inhlaba esimila kwazulunatali empumalanga kanye nase limpopo esisetshenziswa ngabalephi bendabuko ukwelapha lesi sihlahla sinamahlamvu amade aqinile aluhlaza cwe acijile emachosheni uma sekusondele ubusika ngenyaka kanhlaba kuze kube nguntulikazi lesi sihlahla sikhipha izimbali ezinombala okhangayo lezi zimbali zinebala egqmile okubalwa kuyo obomvu kanye nophuze kanti zithandwa kakhulu izinyosi kanye nezinyoni ngoba zithanda umpe oluthokala kulezi zimbali 
63,imfundo eshayina iyinqubo yemfundo eqhutshwa wumbuso kanti ingaphansi khwehhovisi likangqongqoshe wezemfundo zonke izakhamizi kumele ziye esikoleni iminyaka eyisishagalolunye eyeziwa njengemfundo ephoqelelayo kanti futhi ithola imali evela kuhulumeni le nqubo ibandakanya iimfundo yeprayimari eqala lapho izingane zineminyaka eyisithupha noma eyisikhombisa kanye neminyaka emithathu yemfundo yezinga eliphansi lesekondari isikole esiphakathi naphakathi kwiminyaka engu  ukuya kwengu  amanye amaprovinsi anemfundo yeprayimari yeminyaka emihlanu kodwa iminyaka emine yenziwa esikoleni esiphakathi naphakathi ngemuva kokuqeda imfundo yesikole esiphakathi naphakathi kuneminyaka emithathu yesikole esiphakeme esibandakanya imfundo yesekondari ihhovisi likangqongqoshe wezemfundo libika ukuthi cishe kunokungenwa kwesikole kwezinga elingamaphesente angu  esikoleni seprayimari kanti amaphesente angu  esikole esiphakathi naphakathi
64,king edward masinga   owayebuye aziwe ngokuthi shobane ka mangethe abuye azinwe ngokuthi umfana wekheshi  wabe uthishaenguthisha owaphenduka owomafrika wokuqala ukwethula izinhlelo izinhlelo emsakazweni emlandweni waseningizimu afrika umasinga ungomunye wabasakazi bokuqala ukusakaza esiteshini sesizulu asabe saziwa ngokuthi ukhozi fmiradio zulu ngaphandle kokusakaza wayebuye abe ngumqambi wamaculo ayewabhala ngolimi lwesizuluwayebuye abe ngumbhidisi weqembu lomculo ikwaya alabe lisungulwe nguye ukuze licule amaculo ayewaqambile 
65,basepagenamee noma isafa yiyona nhlangano kazwelonke yebhola eningizimu afrika isafa yasungulwa ngo isouth african football association iyona eyesibili yebhola lefootball association eningizimu afrika ezobizwa ngokuthi iningizimu afrika yenhlangano yenhlangano yebhola yaseningizimu afrika futhi iyinhlangano yesibili yebhola esouth africa ukuze ihlanganyele nefifa usuku lwamanje isouth african football association ngokungafani nalokho okushiwo ngaphambili livumela ithimba likazwelonke elihlangene
66,iningizimu afrika inama holide omphakathi ayi asemthethweni agujwa minyaka yonke nangesikhathi sobandlululo kukhona amaholide akade egujwa aphinde aqhubeka ukuthi agujwe emva konyaka we amaningi ayegujwa ngalesi sikhathi achithwa wonke  iningi lamaholide agujwa eningizimu afrika aba semthethweni emva konyaka we ngenkathi iningzimu afrika ithola inkululeko amaholide amaningi aseningizimu afrika aqala ukugujwa emva konyaka we ngesikhathi umthetho sivivinywa wamaholide omphakathi uvunyelwa uphalamende ngonyaka we
67,umkhosi womhlanga umkhosi lapho izinkulungwane zezintombi zamazulu zihlangana khona enyokeni esigodlweni sengonyama yamazulu ngomandulo unyaka nonyaka umkhosi womhlanga isiko lokukhuthaza ubumsulwa ezintombi nokuhlonishwa kwabesifazane abasebashakanye baye befundiswe nokuhlonipha bobuntombi
68,intwasahlobo isikhathi sonyaka emva kobusika lapho sekuqala khona ukunetha izimvula nemvelo okubalwa kuyo utshani nezihlahla ziba luhlaza zibe nezimbali ezinhle ngaso lesi sikhathi futhi izimbali ziyaqhakaza kulesi sikhathi ngoba kususke sekukhona izimvula abantu babuyela emasimini baye kolima
69,ihlobo isikhathi sonyaka lapho kuluhlaza yonke indawo kanye nelanga lisuke lingazibekile phansi lisuke lishisa likhipha umkhovu etsheni kulesi sikhathi sonyaka kuba khona izimvula eziningi ezihmbisana nokuduma kwezulu ngesikhathi sehlobo abantu bavakeshela olwandla besuke beyozipholisa ngoba ilanga lisuke lishisa likhipha inhlanzi emanzini ngesikhathi sehlobo kubuye kube khona izinambuzane eziningi  ngoba amahlathi kanye notshani kusuke sekukhule kakhulu izinambuzane eziba khona kubalwa amaqgwagi izicabucabu amabhungezi kanye nezinye ezinimgi izinyoka nazo zibonaka kakhulu ngaso lesi sikathi 
70,inkwindla isikhathi sonyaka lapho sekudlula khona ihlobo nezimvula seziqala ukuba yidlala izulu lisuke selingenisa amakhathaza asebusika kuvuthuka kwamaqabunga ezithombo ngenxa yokuthi kusuke seukqala imimoya iheleza nzimvula sezinqala ukuba yingcosana ngalesi sikhathi futhi kusuke sekudliwa ukudla okude kutshaliwe entwasashlobo 
71,ubusika isikhathi sonyaka lapho kusuke sekume khona kukhona nemimoya emikhulu ngalesi sikhathi sonyaka amazinga okushisa aba phansi kakhulu kuyabanda izindawo ezsiningi ziyakhithika kulale iqhwa njengoba kusuke kubanda kakhulu amazinga okushis aephansi izinmbuzane eziningi kanye nezlwane ezifana namaxoxo nezinyoka ziyacasha ngoba zizwana namakhaza izihlahla ziphunyelwa amahlamvu kanti utshani buyasha ngoba phela izmvula zisuke zezingani  ubuhlaza bemvelo buyaphela 
72,uncibijane okanye usuku lonyaka omusha iholide lapho umhlaba wonke usuke ubungaza ukuqala konyaka omusha   ngokwesibalizinsuku segregorian lolu suku lugujwa mhla zi kumasingana minyaka yonke ngalolu suku kuba khona imugubho eminingi emhlabani wonke jikelele lolu suku lubalulekile ngoba lihlanganisa abantu abaningi uma lubungazwa amazwe amaningi alugubha ngezindlela ezahlukahlukene lolu suku 
73,ubhanana isithelo esidliwayo esingenzazo ezinhlamvu esimila ezindaweni ezinamanzi amaningi amakhasi kabhanana aba nombala oluhlaza uma ungakalungele ukudliwa lapha usuke usaluhlaza kuthi lapho amakhasi awo ubhanana eba nombala ophuzi usuke usuvuthiwe lpaha usuke usukulungele ukudliwa 
74,masikandi umculo owasungulwa eningizimu  afrika oculwa ngolimi lwesiisizuluzulu lona umculo odlwalwa kakhulu ngesigincgcilo lu hhlobo lomculo ludume futhi luthandwa kakhulu esifundazweni sakwazulu natali okudala lokhu ukuzinza kwesizwe samazulu kulesi sifundazwe yize umculo kamaskandi udume kakhulu esifundazweni sakwazulunatali ubuye uzwakale udlala kakhulu egoli kanye nasekapa udlalwa ngamazulu kulezi zindawo yize llu hlobo lomculo selinedumela esikhathini samanje kususkela kudala wabe uthathwa njengomculo wabelusi bezinkomo ngabantui basemadolobheni okanye emalokishini abantu ababenza lolu hlobo lomculo babebukelwa phansi nawo lomculo ukhuzani nguye oseyinkosi kamaskandi
75,iorkney snork nie umdlalo wamahlaya owasakazwa ku sabc kusukela nge futhi uyaphindaphindwa kwidstv kwa kyknet kusukela nge  lo mdlalo ukhuluma ngokuhamba komndeni wakwavan tonder ohlala edolobheni elihle kakhulu lase orkney   amalungu omndeni nguhendrik maggie ouboet noyolanda oupa wimpie nodadewabo uhess  amahlaya angaphansi kokungathembi ukucabangela kanye nobuwula babavukuzi abavezwayo 
76,njengomkhiqizo wesifiso sokuqamba imibhalo yesizulu entsha yamazwi ababhali amasha izinkanyezi ezintsha inezindaba ezimfishane eziyisikhombisa futhi njengeqoqo lokuqala lezindaba zobunsumansumane besimanje esizulwini izinkanyezi ezintsha iyakhombisa ukuthi ubucikomazwi besizulu bujulile nokuthi buyathungatha imikhondo emisha lokho kuzofakazeka emzansi weafrika nasemhlabeni wonke
77,uemma sandile  owaziwa nangokuthi nguprincess emma wayeyindodakazi yenkosi  abantu basegaikayasengqika  umgolombane sandileumgolombane sandile  wafundiswa amabritane ecape colony kwathi ngemuva kwalokho waba ngumnikazi womhlaba mhlawumbe waba ngowesifazane wokuqala omnyama ukubamba isihloko seningizimu afrika
78,abantu baseningizimu afrika baseeshiya baqukethe abantu kanye nabomdabu baseasia abahlala eningizimu afrika njengamanje kubhekiselwa ikakhulu kumandiya aseasia kepha kungenzeka ukuthi leli gama libuye lisho umphakathi waseirani noma inani elincane lamashayina aseningizimu afrika
79,uphilemon pearce dumasile nokwe  kunhlaba  evaton  nge kumasingana ngo owayesaziwa njengoduma nokwe wayengumntu olwela umzabalazo kwezopolitiko waseningizimu afrika mzantsi afrika wasebenza njengonobhalajikelele weafrican national congress ukusukela ngo ukuya ku ngenxa yegama lakhe uyidlalile indima yokuthi abe yisizathu soshintsho lwase ningizimu afrika ngesikhathi sobandlululo ngosizo lwabo thishela bakhe futhi nabaholi phambili ngisho yena uoliver tambo nowalter sisulu uyidlalile indima yakhe ebalulekile ephikisana nokuphambene nomthetho kamongameli owayephethe wayezimisele ngokuthi aphile ngenkululeko ezweni leli azalelwe kulo wayengavumelani nomthetho lona owawungamphilisi ngenkululeko futhi ongamjabulisi
80,claudia letizia owaziwa nangokuthi lady letizia owazalwa mhla zi kundasa  epompei ungumlingisi umdansi uzime umlingisi wakumabonakude kanye nomsakazo uyaziwa ngokuzibandakanya ochungechungeni lweshumi nambili lwangempela libonisa ugrande fratello uhlobo lwaseitaly lukabig brother
81,upotlako kitchener leballo  kadisemba   januwari  wayengumntu waseafrika okhokela ipan africanist congress de kwangowe uleballo wayengumseki webasutoland african congress ngo kunye nomlobi weworld war ii kunye nomphathi wesikolo samabanga aphantsi
82,upixley ka isaka seme c    juni  wayengomunye wabameli abamnyama baseningizimu afrika ualfred mangena wayengummeli wokuqala omnyama uduma nokwe ummeli wokuqala omnyama kanye nomsunguli nomongameli wamaafrika inational congress
83,uthenjiwe mtintso wazalwa ngomhlaka  lwezi esoweto johannesburg lapho akhulela khona unina uhanna mtintso ubesebenza ezindlini kanti ubaba wakhe ugana makabeniwas ubengumbhali kwezentengiselwano futhi eyilungu leafrican national congress anc umtintso wabhekana nezinkinga zezezimali ezazibeka phansi imfundo yakhe ngenxa yalokho waphoqeleka ukuba ashiye isikole futhi asebenze ngokugcwele emafektri ahlukahlukene ukuze axhase izifundo zakhe zesikhashana esikoleni samabanga aphakeme naseuniversity of forthare
84,uruth first  meyi    agasti  wayeyisishoshovu saseningizimu afrika esasilwa nobandlululo nesazi sasegoli eningizimu afrika ubeyindodakazi ka jewwish immigrants julius no matilda first ujulius ubeyi furniture manufacture wazalwa elavitvia bese wazohlala eningizimu afrika ngonyaka ka eneminyaka eyishumi umatilda yena weza eningizimu afrika esukabelithuania eseneminyaka yesine bobabili bebayingxenye yecommunist party south africa ngonyaa uruth ubenomfowabo abambiza ngoronald bakhule bobabili ndawonyeuruth wenza ibanga leshumi nabili ejeppe high school lapho kufunda amantombazane wondwa  wathi eqeda ukufunda esikoleni wafunda umatikuletsheni ewitwaterstand johannesburgsukela ngonyaka  ukuya kunyaka   waqeda ne ba social studies wathola isikhundla sokuqala isifundo sesocialogy  anthropology kanye ne economic histroy wayefunda nonelson mandela eduardo mandlana joe slovo  tn singh and ismail
85,uteboho tsietsi macdonald mashinini owazalwa ngo januwari    ecentral western jabavu soweto esouth africa washona ehlobo ngo econakry igini wangcwatshwa uavalon cemetery wayengumholi wabafundi ophambili wesungeto uprising eyaqala phakathi isoweto futhi yasakazekela iningizimu afrika yonke ngojuni 
86,uzola sidney themba skweyiya nge kaepreli ngo ukuya nge kaepreli ngo wayepolitiki yomzantsi afrika owayengumphathiswa wezabasebenzi bakarhulumente nolawulo ukusukela ngo ukuya ku kunye nomphathiswa wophuculo loluntu ukusukela ngo ukuya ku
87,upallo zweledinga jordan wazalwa nge kameyi ngo eb indawo ekroonstad eorange free state utata wakhe ugqr archibald campbell jordan wayengumntu wasenoveli eyunivesithi kunye nezemfundo kwaye umama wakhe ugqirha priscilla phyllis jordan wazalwa untantala wayengutitshala umphandi kunye nomhlohli bobabini abazali bakhe babengamalungu asebenzayo euneuropean unity movement neum usapho lakwajordane lwalupolitika kakhulu kwaye ulandela emanyathelweni abo waqala eneminyaka esixhenxe ngokuthengisa iikopi zetorch iphephandaba eliveliswa yineum wayengumfundi okhutheleyo ukugqiba kwakhe ukufunda waya kwiiyunivesithi ezahlukeneyo emzantsi afrika emelika nasemelika walishiya ilizwe ngo esiya kufunda kwidyunivesithi yasewisconsin eus uye wafumana izidanga ezininzi kubandakanya nesidanga sokuthweswa isidanga kwisikolo selondon economics
88,ubrigitte mabandla wazalwa zingama kulwezi ngo maphakathi nawos wasebenza njengomxhumanisi wobusha einstitute of race relations ethekwini kodwa washiya iningizimu afrika waya ezambia lapho athola khona iziqu zakhe zellb phakathi konyaka we nowe wafundisa isingisi nomthetho ebotswana polytechnic kanti kusukela ngo kuya ku wafundisa ngezomthetho ebrazil institute of administration and commerce kusukela ngo kuya ku wasebenza njengomeluleki wezomthetho emnyangweni wezindaba zomthetho kanye nezomthethosisekelo weanc ngalesi sikhathi wabhekisisa ngamalungelo ezingane amalungelo abantu kanye nezomthethosisekelo
89,uabdul kader asmal  okthoba    juni  wayengusopolitiki waseningizimu afrika owazalelwa kwelasendiya wayenguprofesa wamalungelo abantu enyuvesi yasewestern cape engusihlalo womkhandlu wenyuvesi yasenyakatho kanye nomsekeli kamongameli weafrican association of international law wayeshade nolouise parkinson futhi wayenamadodana amabili
90,usathyandranath ragunanan mac maharaj owazalwa ngo ephreli  enewcastle kwazulunatal usopolitiki waseningizimu afrika oxhumene neafrican national congress yezemfundo nosomabhizinisi odabuka kwelasendiya ungomunye okhulumela umengameli waseningizimu afrika ngokusemthethweni ujacob zuma
91,upatricia de lille usopolitiki waseningizimu afrika owazalwa mla ziyi kufebruwari   ungqongqoshe wezemisebenzi yomphakathi nezingqalasizinda south africaongungqongqoshe wezemisebenzi yomphakathi nezingqalasizinda nomholi weqembu lezepolitiki igood  wayengumngane ngaphambilini  imeya yasekapaimeya yasekapa kusuka  kuya  futhi  hulumende wasenshonalanga kapacape ungqongqoshe wesifundazwe western wentuthuko yezenhlalakahle kusuka  kuya  wasungula futhi wahola i  iindependent democrats south africaindependent democrats id iqembu lezepolitiki abelisungula ngonyaka ka ngesikhathi ewindi  ukuwela phansi iningizimu afrikaeliwela indawo ngemuva kokuhlukana  ipan africanist congressnepan africanist congress pac ngoagasti  umazisi wahlangana  idemocratic alliance south africanedemocratic alliance  idemocratic alliance south africaiqembu eliphikisayo laseningizimu afrika  futhi iqembu lahlakazwa ngokusemthethweni ngonyaka we kusukela ngo kuya ku ubengumholi wesifundazwe wedemocratic alliance ewestern cape
92,albert john mvumbi luthuli wazalelwa e solusi mission station e zimbabwe wazalwa ngo  ubabawakhe ngu john bunye luthuli ualbert john wayeyi ngane ye nkosi egroutville e mvoti mission reserve ngase stanger enatali waba yi christian missionary nge langa lesikhombisa esontweni elibizwa ngeadventist wayengumtoliki endaweni yase matabele erhosedia umama wakhe kwaku ngumtonya gumede futhi wayechitha isikhathi esiningi endlini kacetshwayo ka mpande wayeyi nkosi yombuso wakwazulu kodwa futhi wayeyingane yesithathu
93,ujudith mason owazalwa ujudith seelander menge  okthoba  ipitolipretoria   kuzibandlela  white river wayengumculi waseningizimu afrika obesebenza kwezamafutha ipensela ukuprinta ukushicilela nezindaba ezixubile umsebenzi wakhe ucebile ngokufanekisela kanye nemythology ekhombisa ubuciko obunqabile bobucwepheshe  
94,itsda yidolobhana elisentshonalanga yecyprus  itholakala esifundeni saseeparcha pfou engxenyeni esentshonalanga yezwe amakhilomitha angama entshonalanga yenhlokodolobha yasenicosia namakhilomitha ayi ngasenyakatho kwepaphos  itsda ngamamitha ayi ngaphezulu kwezinga lolwandle  inezakhamizi eziyi
95,uharry potter nedwala likafilosofi iyinoveli ngowesifazane wasebrithani ujoanne rowling bekuyincwadi yakhe yokuqala le ncwadi imayelana nomfana ongumthakathi oya esikoleni semilingo futhi enze abangane abathile ishicilelwe ngonyaka we yalandelwa ezinye izincwadi eziningi zikaharry potter
96,uharry potter nechamber yezimfihlo yincwadi yesibili ezincwadini zikaharry potter kajoanne rowling wasebrithani incwadi iyindlela elandelanayo kweyokuqala kule ncwadi uharry uphenya ngokubanjwa nokugula kwalabo abangazalwa ngocansi lomthakathi
97,uharry potter kanye nomgcini wejele waseazkaban incwadi eyindumezulu kajoanne rowling wasebrithani futhi incwadi yesithathu ukufaka uharry potter kule ndaba uharry uhlangana nesiboshwa esiyingozi somlingo omnyama futhi afunde ukuhamba isikhathi
98,uharry potter kanye nendebe yomlilo iyinoveli emnandi ebhalwe ngujoanne rowling umbhali wasebrithani futhi ungunombolo wesine ezincwadini zomlobi weharry potter odumile kuyo uharry kufanele ancintisane kumncintiswano womncintiswano futhi abhekane nemfihlakalo emangalisayo
99,uharry potter kanye nabantu basephoenix iyincwadi yesihlanu ochungechungeni oluhle kakhulu lweharry potter lwezingane ngowesifazane wasebrithani ujoanne rowling kulandela upotter njengoba ebhekene nezivivinyo zakhe zesikole kanye nokubuya kwenkosi emnyama ebeka konke engcupheni
100,uharry potter kanye nohhafu wegazi lenkosi iyinoveli emayelana nokuqagela ebhalwe ngowesifazane wasebrithani ujoanne rowling olandelayo olandelayo wokugcina ochungechungeni lweharry potter lwezingane le noveli ibheka izisulu zabalingiswa abaningi futhi ifaka impi enkulu nenkosi emnyama
101,uharry potter kanye namahallows hallows kwakuyinoveli emnandi ngomlingo eyabhalwa ngumlobi ujoanne rowling wasebrithani owokugcina ochungechungeni lwewizard kaharry potter le noveli idingida yonke imicimbi evela ezincwadini eziyisithupha zokuqala futhi igxile empini enkulu yokuqeda phakathi kukapotter nenkosi emnyama
102,udaniel radcliffe ungumlingisi wasengilandi owazalwa ngo ungumdlali odumile kunabo bonke kaharry potter kumafilimu wizadi kaharry potter aqhamuka ezincwadini zabaphatheli bakaharry potter zikajoanne rowling uqale wadlala eneminyaka eyishumi nanye kanti uharry wayeneminyaka eyishumi ngemuva kwalokho wabonakala kwamanye amafilimu amaningi njengomuntu okhulile futhi uke wenza nemidlalo yeshashalazi isiteji nomculo ugxekwa kahle futhi unikeze imali yakhe ekupha
103,izimpi zezinkanyezi ezaziwa emazweni angamangisi njengestar wars futhi kamuva ezazibiza ngokuthi izimpi zezinkanyezi  ukuza okusha kuyifilimu lesikhala esivela ngo yize kuyifilimu yokuqala ukwenziwa ezimpini zeplanethi yasestar yona ifilimu lesine kusaga ababamba indawo kukhona umark hamill ucarrie fisher uharrison ford noalec guinness
104,izimpi zenkanyezi umbuso uphinde ushaye futhi ngesingisi njengestar wars the empire strikes back kuyifilimu lesayensi lespace opera futhi ukulandelwa kwesokuqala kuboniswe ngo kwakuyifilimu yenombolo yesibili lapho kukhululwa kodwa ifilimu linombolo yesihlanu ngokulandelana kwezikhathi umark hamill usefilimini
105,izimpi zenkanyezi ujedi woza ukuzolwa noma star wars return of jedi njengoba kunjalo emadodeni esingisi yifilimu yasendaweni yeopera yango neyokugcina kwezimpi zokuqala zezinkanyezi ezintathu kepha kungokwesithupha ngokulandelana kwezikhathi umark hamill harrison ford nocarrie fisher badlala kwifilimu
106,indaba yamathoyizi iyifilimu yamahlaya asemelika ahamba kathathu oshukumisayo kapstrong kanye notom hanks njengomlingisi omkhulu ifilimu igxile ezweni lomlingo lapho amathoyizi ahlala khona ngobuchopho bomuntu kanye namavocalisations amahanks adlala inkomo elwela uthando lomfana ngeastronaut yesikhala
107,indaba yesibili yamathoyizi ulandelana lwango lwangempela indaba yamathoyizi kuyisithombe esishukumisayo esishukumisayo esishukumisayo esivela kupstrong le filimu imayelana nenkabi uthomas hanks eyebiwe futhi ahlangane nayo nentokazi enkulisa kanye nomnyuziyamu osentshonalanga unyaka okhanyayo wokukhanya usiza ukubasindisa esihogweni saphakade
108,indaba yesithathu yamathoyizi ifilimu lesithathu kusuka indaba yamathoyizi ngonyaka ka kuyisithombe sefilimu esishukumisayo sobukhulu bepstrong lokhu kukodwa ekunikezeni ngephutha ngamathoyizi amaningi kufaka necowboy eyaziwa njengotom hanks nomngani wakhe osendaweni endlini yezingane edlala umnikazi wazo usegugile manje futhi kumele abuyele ngaphambi kokuba anyamalale esikoleni kepha ibhere epinki izama ukubashisa
109,indaba yesine yamathoyizi iyona filimu entsha kunazo zonke ezisebenza ngecomputer ezintathu ubukhulu kusuka ku indaba yamathoyizi futhi yenziwa ngonyaka ka istudiyo sepstrong inombolo yesine futhi ifaka utom hanks eqenjini indaba ingemva kwefilimu yokugcina futhi ibona lo mfanyana osiza isipuni sepulasitiki noma imfoloko iphile impilo yakhe yangempela
110,igama lokuhweba igama lokuhweba noma igama lebhizinisi igama elisetshenziswa yizinkampani ezingafuni ukusebenza ngaphansi kwegama labo elibhalisiwe igama lalolu hlobo lwegama elihlukile igama lebhizinisi eqanjiwe ukubhalisa igama elingelona iqiniso nenhlangano kahulumeni efanelekile kuyadingeka kaningi
111,icannabidiol cbd iyiphytocannabinoid eyatholakala ngo ingenye yezingama ezikhonjwe ngamacannabinoids ezitshalweni zecannabis namaakhawunti afinyelela ku kokukhishwa kwesitshalo ngo ucwaningo lomtholampilo ngecannabidiol lufake nezifundo zokuqala zokukhathazeka ukuqonda ukuphazamiseka kokuhamba nobuhlungu 
112,unompumelelo mqwebu ungumpheki nombhali iriphabliki yaseningizimu afrikawaseningizimu afrika ubhala ngokudla kwimail  guardian nakwisunday times nakwamanye amaphephandaba  ngo ushicilele ibhuku through the eyes of an african chef leli bhuku liwine umklomelo omuhle emhlabeni wonke  i gourmand cookbook awards 
113,ugraa machel owazalwa ngo okthoba  usopolitiki futhi usizakala ngabantu basemozambiki ungumfelokazi womabili omongameli bangaphambili basemozambiki naseningizimu afrika umongameli wasemozambiki usamora machel kanye nomongameli waseningizimu afrika unelson mandela
114,ubarbara mosima joyce masekela wazalwa ngomhlaka  kujulayi  egoli wayengowesibili ezinganeni ezine azalelwa upauline nothomas selema masekela umama wakhe wayengusonhlalonhle esikhungweni somndeni ealexander kanti ubaba wakhe wayengumhloli wezempilo futhi engumbazi wengqephu wesikhashana ubarbara wakhulela ewitbank ngaphansi kokubuka ugogo wakhe waze wabuyela ealexander township ngo wakhulela emndenini ohlonipha ezombusazwe waya eanglican primary school ewitbank nasest michaels anglican school ealexander ngo wabhalisa enanda girls seminary boarding school ethekwini lapho aphothula khona umatikuletsheni wakhe ngo esikoleni samabanga aphansi baba nethuba lokuhlangana nabaholi bezenhlalo nezepolitiki abanjengomongameli weafrican national congress anc uchief albert luthuli
115,maya christinah xichavo wegerif uzalwe ngezi  nhlaba  ngomusebenzi uwaziwa ngo sho madjozi ungumculi nombhali wezingoma ezidumile eiriphabliki yaseningizimu afrikaningizimuafrika ungumlingisi aphinde aziwe ngokuhaya izinkondlo uqokwe nje ngomlingisi ohamba phambili eiriphabliki yaseningizimu afrikaningizimuafrika umadjozi ukwazi ukuhlanganisa usiko lwake lwesitsonga ezingomeni acula ngazo 
116,iawhum waterfall itholakala endaweni yasemaugwe edolobheni laseawhum endaweni yaseudi local government area eenugu state enigeria iawhum waterfall yakhiwa edwaleni elikhulu legranite ngokugeleza kwamanzi phezulu okwenza umfula enye ingxenye yokungena kwamanzi imvamisa ifudumele phakathi nezinkathi zonyaka impophoma yeawhum ingamamitha angama ukuphakama futhi itholakala ezungeze iawhum monastery
117,ushivaji jayanti chhatrapati shivaji maharaj uyeza kumele sazi ngenkosi enkulu eyaqala imaratha samrajya neswaraj yezwe ngakhoke nansi imininingwane yenkosi enkulu u shivaji maharaj bhonsle
118,inombolo yokuhlonza imoto ivin iyikhodi ehlukile kufaka phakathi inombolo yeserial esetshenziswa ngumkhakha wezimoto ukukhomba izimoto ngazinye izimoto ezihuduliwe izithuthuthu izithuthuthu kanye nemopeed njengoba kuchazwe kuiso  okuqukethwe nesakhiwo nakuiso  indawo nokunamathiselwe
119,ukusebenza kwamadivaysi eselula asebenzisa uhlelo lokusebenza lweandroid uhlelo olusetshenziswa kakhulu lweselula emhlabeni jikelele lungandiswa ngokusebenzisa izinhlelo zokusebenza  isoftware ekhethekile eyenzelwe ukunika abasebenzisi izindlela zokusebenzisa amadivaysi abo ngezinjongo ezithile ezingeziwe izinhlelo zokusebenza ezinjalo zihlanganiswa ngefomethi yefayela leapk yomdabu yeandroid evumela ukusatshalaliswa kalula kwezinhlelo zokusebenza kubasebenzisi bokugcina
120,inanda yilokishi elikwazulunatalkwazulunatali eningizimu afrika leligama elithi nanda lithathelwe egameni elithi nandisa lelilokishi lilawulwa umasipala wetheku abantu abagcwele kulendawo ngamazulu lelilokishi liyindabuko yabantu abanjengo john langalibalele dube kanye no mahatma gandhi ibandla lamanazaretha lasungulwa kulendawo
121,iqueensburgh yidolobha elikwazulunatalkwazulunatali eningizimu afrika ngonyaka ka amalokhishi amane imalvern iescombe inorthdene kanye nemoseley ahlanganiswa ukuze kwakheke idolobha elibizwa nge malvern ngonyaka ka leligama lashintshwa labuyiselwa kuleli elithi queensburgh 
122,izinkondlo zesiurdu iurdu    ur ur is isiko elicebile lezinkondlo futhi linezindlela eziningi ezahlukahlukene namuhla kuyingxenye ebalulekile yamasiko aseningizimu asia ngokusho kukanaseer turabi kunezimbongi ezinhlanu eziphezulu zaseurdu okuyimir taqi mir enmirzaghalibmirza ghalib mir anees allama iqbal nojosh malihabadi ulimi lwesiurdu lufinyelele encotsheni yalo ngaphansi kwebritish raj futhi lwathola isikhundla ngokusemthethweni bonke ababhali abadumile bolimi lwesiurdu kufaka phakathi ughalib noiqbal banikezwa izifundi zasebrithani  ngemuva kwepartition of india ngo ithole izimbongi ezinkulu kanye nezazi zahlukaniswa ngemigqa yobuzwe kodwake izinkondlo zesiurdu ziyaziswa ezizweni zombili bobabili amasulumane namahindu aqhamuka ngaphesheya komngcele aqhubeka nesiko
123,isiphambanakabili yigama lesizulu lophawu olusetshenziswa kakhulu manje ezinkundleni zokuxhumana ukusakazela umyalezo othile abanye abantu liyisihumusho segama lesingisi kudwetshwa ngemigqa emine ephambanayo noma ngeziphambano ezibili ezixhumene  ngesingisi kubizwa njengepound sign ihash noma inumber sign uphawu lwezibalo ezinkundleni zokuxhumana kwaziwa njengehashtag
124,uhlakalwazi igama elisetshenziswa ukuchaza indlela umuntu awazi ngayo umhlaba kucubungula imibono izinjulalwazi nezinto azazi ngokuzizwa ekuphileni komuntu imvamisa wukuthi uhlakalwazi lunye olutholakele emphakathini othile ngenxa yokuthi abantu abahlala bendawonye bejwayele ukuba nezinhlobo zenhlalo ezifanayo okusho ukuthi banemikhuba yokwazi engase ifana kancane
125,ukuhlolwa kwesifo kusho ukuthola ukuthi yisiphi isifo esihambiselana nezimpawu ezitholakala esigulini kuvamise ukubizwa ngokuxilonga  kusetshenziswa ulimi lwezokwelapha olucacile ulwazi oludingekayo uma kuxilongwa luvamise ukuthi lutholakale emlandweni kanye nasekuhlolweni komzimba waloyo odinga usizo lokwelashwa kujwayelekile ukuthi kusetshenziswe izindlela zokuthola isifo eziningi uma kuhlolwa kubalwa kuzo ukuhlolwa ngezokwelapha
126,ukugqokwa kwezembozo zobuso ngesikhathi sobhubane lomkhuhlane wecovid sekuthole iziyalo izihlukahlukene kwabezempilo kanye nohulumeni abahlukene sekube nenkulumo mpikiswano ngalesi sihloko lapho khona abasebenzela ezempilo kanye nohulumeni bephikisana ngemigomo yokugqokwa kwezembozo zobuso
127,charli grace damelio owazalwa ngomeyi    ubuntu nomdansi wasemelika wasemelika uqale ukukhuthalela ukuthumela okuqukethwe kuhlelo lokusebenza olwabelana ngamavidiyo itiktok ekuqaleni konyaka ka lapho asheshe alanda okulandelayo kwathi ngemuva kwalokho yaba yiakhawunti elandelwa kakhulu kuhlelo lokusebenza edlula uloren grey kusukela ngoagasti  unabalandeli abangaphezu kwezigidi ezingama kwitiktok waqanjwa igama lesibili elathola ubuntu betiktok nguforbes ngoagasti  idamelio iqale ukuthumela kutiktok ehlobo lika ilayisha amavidiyo wokudansa ezingomeni eziqondayo ezisekelweni utiktok wakhe wokuqala wayengumavidiyo avumelanisa izindebe nomngane wakhe ngokushesha waqongelela okulandelayo emsamo  ujoyine indlu yokusebenzisana yetiktok ihype house ngonovemba  eceleni kukadadewabo udixie damelio kodwa wahamba ngomeyi      
128,shah rukh khan ozalwe ngo novemba  owaziwa nangokuthi srk yokuqala ungumlingisi waseindia umenzi wefilimu nobuntu bethelevishini abhekiswe kwabezindaba njenge baadshah of bollywood kubhekiswa kwifilimu yakhe kabaadshah ka king of bollywood no king khan usevele emafilimini ebollywood angaphezu kuka wazuza kakhulu kubandakanya nezingu imiklomelo yamafilimu uhulumeni wasendiya umnikeze ipadma shri kanti uhulumeni wasefrance umnikeze iordre des arts et des lettres kanye nelegion of honor ukhan unokulandela okuphambili easia kanye neindian diaspora emhlabeni jikelele mayelana nobukhulu bezithameli nemali engenayo uchazwe njengenye yezinkanyezi zefilimu eziphumelela kakhulu emhlabeni
129,umbiko wonyaka wonyaka wezi wohlelo lokuthuthukiswa kwezizwe ezihlangene undp uqokomisa amagxathu athathwe yiundp eningizimu afrika ekufinyeleleni kuajenda enkulu yeun yowezi egxile ezinhlelweni ezizinzile zokukhula ngokuhamba konyaka we iundp ibe noshintsho ebuholini nomsebenzi womxhumanisi wabahlali wenhlangano yezizwe ehla kulowo omele isakhamuzi seundp lokhu kubone ukuthi iundp yamukela udkt ayodele odusola njengommeli omusha wabahlali futhi ngalesi sikhathi ihhovisi lezwe liqhubekile nokugxila ekuphenduleni izimbangela zezenhlalo nezomnotho zamazinga aphezulu okusweleka kwemisebenzi ubuphofu kanye nokungalingani
130,ubalthazar picsou mcduck baltaza piksu n  picsou skud mkdk n  kwinguqulo yoqobo ungumlingiswa oqanjiwe ovela ezweni lamadada asezitudiyo zedisney ezakhiwe ngo ngumlobiwekhathuni ucarl barksn  umalume kamama udonald duck yingakho igama lakhe lesidlaliso elithi uncle picsou n  uncle scrooge ngesingisi leli dada elicebe kunawo wonke emhlabeni lidume ngokuba neavarice nohlangothi lwayo lokuzijabulisa
131,iutc wuhlobo lwesikhathi sendawo esingaphambili ngehora elilodwa  esikhathini somhlaba lesikhathi sisetshenziswa kwi central european time west africa time western european time ngaphansi kwayo kube ne british summer time kanye ne irish summer time 
